tba,TBA
chris,Christopher J Algozzine
kevin, Kevin A Callahan
rob,Robert M Cannistra
ron,Ronald G Coleman
angelo,Angelo F Corridori
casimer,Casimer M DeCusatis
cenk,Deger C Erdil
matthew,Matthew A Johnson
alan,Alan G Labouseur
eitel,Eitel J Lauria
cathy,Cathy E Martensen
anne,Anne B Matheus
carolyn,Carolyn C Matheus
pablo,Pablo Rivas
don,Donald R Schwartz
bowu,Bowu Zhang
juan,Juan F Arias
roger,Roger A Norton
brian,Brian Edward Gormanly
marilyn,Marilyn J Zeppetelli